date,time,summary,source
2026-04-28,11:23,Activity captured (set ANTHROPIC_API_KEY for AI summaries),stop_hook
2026-04-28,11:25,Activity captured (set ANTHROPIC_API_KEY for AI summaries),stop_hook
2026-04-28,11:37,Activity captured (set ANTHROPIC_API_KEY for AI summaries),stop_hook
2026-04-28,11:41,Activity captured (set ANTHROPIC_API_KEY for AI summaries),stop_hook
2026-04-28,11:51,Activity captured (set ANTHROPIC_API_KEY for AI summaries),stop_hook
2026-04-28,11:59,Activity captured (set ANTHROPIC_API_KEY for AI summaries),stop_hook
2026-04-28,12:01,Activity captured (set ANTHROPIC_API_KEY for AI summaries),stop_hook
2026-04-28,12:06,Activity captured (set ANTHROPIC_API_KEY for AI summaries),stop_hook
2026-04-28,12:06,Activity captured (set ANTHROPIC_API_KEY for AI summaries),stop_hook
2026-04-28,12:08,Activity captured (set ANTHROPIC_API_KEY for AI summaries),stop_hook
2026-04-28,12:10,Activity captured (set ANTHROPIC_API_KEY for AI summaries),stop_hook
2026-04-28,12:13,Activity captured (set ANTHROPIC_API_KEY for AI summaries),stop_hook
2026-04-28,12:14,Activity captured (set ANTHROPIC_API_KEY for AI summaries),stop_hook
2026-04-28,12:15,Activity captured (set ANTHROPIC_API_KEY for AI summaries),stop_hook
2026-04-28,12:19,Activity captured (set ANTHROPIC_API_KEY for AI summaries),stop_hook
2026-04-28,12:20,Activity captured (set ANTHROPIC_API_KEY for AI summaries),stop_hook
2026-04-28,12:24,Activity captured (set ANTHROPIC_API_KEY for AI summaries),stop_hook
2026-04-28,12:28,Activity captured (set ANTHROPIC_API_KEY for AI summaries),stop_hook
2026-04-28,12:30,Activity captured (set ANTHROPIC_API_KEY for AI summaries),stop_hook
2026-04-28,12:34,Activity captured (set ANTHROPIC_API_KEY for AI summaries),stop_hook
2026-04-28,12:47,Activity captured (set ANTHROPIC_API_KEY for AI summaries),stop_hook
2026-04-28,13:02,Activity captured (set ANTHROPIC_API_KEY for AI summaries),stop_hook
2026-04-28,13:26,Activity captured (set ANTHROPIC_API_KEY for AI summaries),stop_hook
2026-04-28,13:27,Activity captured (set ANTHROPIC_API_KEY for AI summaries),stop_hook
2026-04-28,13:30,Activity captured (set ANTHROPIC_API_KEY for AI summaries),stop_hook
2026-04-28,13:30,Activity captured (set ANTHROPIC_API_KEY for AI summaries),stop_hook
2026-04-28,13:31,Activity captured (set ANTHROPIC_API_KEY for AI summaries),stop_hook
2026-04-28,13:32,Activity captured (set ANTHROPIC_API_KEY for AI summaries),stop_hook
2026-04-28,13:33,Activity captured (set ANTHROPIC_API_KEY for AI summaries),stop_hook
2026-04-28,13:34,Activity captured (set ANTHROPIC_API_KEY for AI summaries),stop_hook
2026-04-28,13:36,Activity captured (set ANTHROPIC_API_KEY for AI summaries),stop_hook
2026-04-28,13:37,Activity captured (set ANTHROPIC_API_KEY for AI summaries),stop_hook
2026-04-28,13:38,Activity captured (set ANTHROPIC_API_KEY for AI summaries),stop_hook
2026-04-28,13:39,Activity captured (set ANTHROPIC_API_KEY for AI summaries),stop_hook
2026-04-28,13:40,Activity captured (set ANTHROPIC_API_KEY for AI summaries),stop_hook
2026-04-28,13:44,Activity captured (set ANTHROPIC_API_KEY for AI summaries),stop_hook
2026-04-28,13:46,Activity captured (set ANTHROPIC_API_KEY for AI summaries),stop_hook
2026-04-28,13:46,Activity captured (set ANTHROPIC_API_KEY for AI summaries),stop_hook
2026-04-28,13:54,Activity captured (set ANTHROPIC_API_KEY for AI summaries),stop_hook
2026-04-28,13:56,Activity captured (set ANTHROPIC_API_KEY for AI summaries),stop_hook
2026-04-28,14:00,Activity captured (set ANTHROPIC_API_KEY for AI summaries),stop_hook
2026-04-28,14:03,Activity captured (set ANTHROPIC_API_KEY for AI summaries),stop_hook
2026-04-28,14:05,Activity captured (set ANTHROPIC_API_KEY for AI summaries),stop_hook
2026-04-28,14:14,Activity captured (set ANTHROPIC_API_KEY for AI summaries),stop_hook
